<?xml version="1.0" encoding="UTF-8"?>
<!-- IMPORTANT: This is an internal file that has been generated
     by the Xilinx ISE software.  Any direct editing or
     changes made to this file may result in unpredictable
     behavior or data corruption.  It is strongly advised that
     users do not edit the contents of this file. -->
<DeviceUsageSummary rev="12">
<DesignStatistics TimeStamp="Thu Dec  5 11:20:57 2019"><group name="NetStatistics">
<item name="NumNets_Active" rev="12">
<attrib name="value" value="3517"/></item>
<item name="NumNets_Gnd" rev="12">
<attrib name="value" value="1"/></item>
<item name="NumNets_Vcc" rev="12">
<attrib name="value" value="1"/></item>
<item name="NumNodesOfType_Active_CLKPIN" rev="12">
<attrib name="value" value="1087"/></item>
<item name="NumNodesOfType_Active_CNTRLPIN" rev="12">
<attrib name="value" value="656"/></item>
<item name="NumNodesOfType_Active_DOUBLE" rev="12">
<attrib name="value" value="7830"/></item>
<item name="NumNodesOfType_Active_DUMMY" rev="12">
<attrib name="value" value="7759"/></item>
<item name="NumNodesOfType_Active_GLOBAL" rev="12">
<attrib name="value" value="88"/></item>
<item name="NumNodesOfType_Active_HFULLHEX" rev="12">
<attrib name="value" value="170"/></item>
<item name="NumNodesOfType_Active_HLONG" rev="12">
<attrib name="value" value="53"/></item>
<item name="NumNodesOfType_Active_HUNIHEX" rev="12">
<attrib name="value" value="626"/></item>
<item name="NumNodesOfType_Active_INPUT" rev="12">
<attrib name="value" value="9322"/></item>
<item name="NumNodesOfType_Active_OMUX" rev="12">
<attrib name="value" value="3062"/></item>
<item name="NumNodesOfType_Active_OUTPUT" rev="12">
<attrib name="value" value="3547"/></item>
<item name="NumNodesOfType_Active_PREBXBY" rev="12">
<attrib name="value" value="2812"/></item>
<item name="NumNodesOfType_Active_VFULLHEX" rev="12">
<attrib name="value" value="523"/></item>
<item name="NumNodesOfType_Active_VLONG" rev="12">
<attrib name="value" value="193"/></item>
<item name="NumNodesOfType_Active_VUNIHEX" rev="12">
<attrib name="value" value="562"/></item>
<item name="NumNodesOfType_Gnd_DOUBLE" rev="12">
<attrib name="value" value="13"/></item>
<item name="NumNodesOfType_Gnd_DUMMY" rev="12">
<attrib name="value" value="13"/></item>
<item name="NumNodesOfType_Gnd_INPUT" rev="12">
<attrib name="value" value="144"/></item>
<item name="NumNodesOfType_Gnd_OMUX" rev="12">
<attrib name="value" value="77"/></item>
<item name="NumNodesOfType_Gnd_OUTPUT" rev="12">
<attrib name="value" value="71"/></item>
<item name="NumNodesOfType_Gnd_PREBXBY" rev="12">
<attrib name="value" value="132"/></item>
<item name="NumNodesOfType_Vcc_CNTRLPIN" rev="12">
<attrib name="value" value="4"/></item>
<item name="NumNodesOfType_Vcc_INPUT" rev="12">
<attrib name="value" value="182"/></item>
<item name="NumNodesOfType_Vcc_PREBXBY" rev="12">
<attrib name="value" value="182"/></item>
<item name="NumNodesOfType_Vcc_VCCOUT" rev="12">
<attrib name="value" value="139"/></item>
</group>
<group name="SiteStatistics">
<item name="IBUF-DIFFM" rev="12">
<attrib name="value" value="1"/></item>
<item name="SLICEL-SLICEM" rev="12">
<attrib name="value" value="946"/></item>
</group>
<group name="MiscellaneousStatistics">
<item name="AGG_BONDED_IO" rev="11">
<attrib name="value" value="1"/></item>
<item name="AGG_IO" rev="11">
<attrib name="value" value="1"/></item>
<item name="AGG_SLICE" rev="11">
<attrib name="value" value="2073"/></item>
<item name="NUM_4_INPUT_LUT" rev="11">
<attrib name="value" value="2620"/></item>
<item name="NUM_BONDED_IBUF" rev="11">
<attrib name="value" value="1"/></item>
<item name="NUM_BSCAN" rev="11">
<attrib name="value" value="1"/></item>
<item name="NUM_BUFGMUX" rev="11">
<attrib name="value" value="2"/></item>
<item name="NUM_CYMUX" rev="11">
<attrib name="value" value="806"/></item>
<item name="NUM_LUT_RT" rev="11">
<attrib name="value" value="196"/></item>
<item name="NUM_MULTAND" rev="11">
<attrib name="value" value="27"/></item>
<item name="NUM_SHIFT" rev="11">
<attrib name="value" value="3"/></item>
<item name="NUM_SLICEL" rev="11">
<attrib name="value" value="2071"/></item>
<item name="NUM_SLICEM" rev="11">
<attrib name="value" value="2"/></item>
<item name="NUM_SLICE_FF" rev="11">
<attrib name="value" value="1605"/></item>
<item name="NUM_SLICE_LATCH" rev="11">
<attrib name="value" value="42"/></item>
<item name="NUM_XOR" rev="11">
<attrib name="value" value="341"/></item>
<item name="Xilinx Core chipscope_icon_v1_06_a, Xilinx CORE Generator 14.7" rev="11">
<attrib name="value" value="1"/></item>
<item name="Xilinx Core chipscope_vio_v1_05_a, Xilinx CORE Generator 14.7" rev="11">
<attrib name="value" value="1"/></item>
</group>
</DesignStatistics>
<DeviceUsage TimeStamp="Thu Dec  5 11:20:57 2019"><group name="SiteSummary">
<item name="BSCAN" rev="12">
<attrib name="total" value="1000000"/><attrib name="used" value="1"/></item>
<item name="BSCAN_BSCAN_BLACKBOX" rev="12">
<attrib name="total" value="1000000"/><attrib name="used" value="1"/></item>
<item name="BUFGMUX" rev="12">
<attrib name="total" value="1000000"/><attrib name="used" value="2"/></item>
<item name="BUFGMUX_GCLKMUX" rev="12">
<attrib name="total" value="1000000"/><attrib name="used" value="2"/></item>
<item name="BUFGMUX_GCLK_BUFFER" rev="12">
<attrib name="total" value="1000000"/><attrib name="used" value="2"/></item>
<item name="IBUF" rev="12">
<attrib name="total" value="1000000"/><attrib name="used" value="1"/></item>
<item name="IBUF_INBUF" rev="12">
<attrib name="total" value="1000000"/><attrib name="used" value="1"/></item>
<item name="IBUF_PAD" rev="12">
<attrib name="total" value="1000000"/><attrib name="used" value="1"/></item>
<item name="SLICEL" rev="12">
<attrib name="total" value="1000000"/><attrib name="used" value="2071"/></item>
<item name="SLICEL_C1VDD" rev="12">
<attrib name="total" value="1000000"/><attrib name="used" value="96"/></item>
<item name="SLICEL_C2VDD" rev="12">
<attrib name="total" value="1000000"/><attrib name="used" value="75"/></item>
<item name="SLICEL_CYMUXF" rev="12">
<attrib name="total" value="1000000"/><attrib name="used" value="415"/></item>
<item name="SLICEL_CYMUXG" rev="12">
<attrib name="total" value="1000000"/><attrib name="used" value="391"/></item>
<item name="SLICEL_F" rev="12">
<attrib name="total" value="1000000"/><attrib name="used" value="1164"/></item>
<item name="SLICEL_F5MUX" rev="12">
<attrib name="total" value="1000000"/><attrib name="used" value="237"/></item>
<item name="SLICEL_F6MUX" rev="12">
<attrib name="total" value="1000000"/><attrib name="used" value="66"/></item>
<item name="SLICEL_FAND" rev="12">
<attrib name="total" value="1000000"/><attrib name="used" value="13"/></item>
<item name="SLICEL_FFX" rev="12">
<attrib name="total" value="1000000"/><attrib name="used" value="602"/></item>
<item name="SLICEL_FFY" rev="12">
<attrib name="total" value="1000000"/><attrib name="used" value="1042"/></item>
<item name="SLICEL_G" rev="12">
<attrib name="total" value="1000000"/><attrib name="used" value="1453"/></item>
<item name="SLICEL_GAND" rev="12">
<attrib name="total" value="1000000"/><attrib name="used" value="14"/></item>
<item name="SLICEL_GNDF" rev="12">
<attrib name="total" value="1000000"/><attrib name="used" value="179"/></item>
<item name="SLICEL_GNDG" rev="12">
<attrib name="total" value="1000000"/><attrib name="used" value="173"/></item>
<item name="SLICEL_XORF" rev="12">
<attrib name="total" value="1000000"/><attrib name="used" value="172"/></item>
<item name="SLICEL_XORG" rev="12">
<attrib name="total" value="1000000"/><attrib name="used" value="169"/></item>
<item name="SLICEM" rev="12">
<attrib name="total" value="1000000"/><attrib name="used" value="2"/></item>
<item name="SLICEM_F" rev="12">
<attrib name="total" value="1000000"/><attrib name="used" value="1"/></item>
<item name="SLICEM_FFX" rev="12">
<attrib name="total" value="1000000"/><attrib name="used" value="1"/></item>
<item name="SLICEM_FFY" rev="12">
<attrib name="total" value="1000000"/><attrib name="used" value="2"/></item>
<item name="SLICEM_G" rev="12">
<attrib name="total" value="1000000"/><attrib name="used" value="2"/></item>
<item name="SLICEM_WSGEN" rev="12">
<attrib name="total" value="1000000"/><attrib name="used" value="2"/></item>
</group>
</DeviceUsage>
<ReportConfigData TimeStamp="Thu Dec  5 11:20:57 2019"><group name="SLICEL_CYMUXF">
<item name="0" rev="12">
<attrib name="0" value="415"/><attrib name="0_INV" value="0"/></item>
<item name="1" rev="12">
<attrib name="1_INV" value="0"/><attrib name="1" value="415"/></item>
</group>
<group name="SLICEL_CYMUXG">
<item name="0" rev="12">
<attrib name="0" value="391"/><attrib name="0_INV" value="0"/></item>
</group>
<group name="IBUF_PAD">
<item name="IOATTRBOX" rev="12">
<attrib name="LVCMOS33" value="1"/></item>
</group>
<group name="SLICEM_F">
<item name="DI" rev="12">
<attrib name="DI" value="1"/><attrib name="DI_INV" value="0"/></item>
<item name="F_ATTR" rev="12">
<attrib name="SHIFT_REG" value="1"/></item>
<item name="LUT_OR_MEM" rev="12">
<attrib name="RAM" value="1"/></item>
</group>
<group name="SLICEM_G">
<item name="DI" rev="12">
<attrib name="DI" value="2"/><attrib name="DI_INV" value="0"/></item>
<item name="G_ATTR" rev="12">
<attrib name="SHIFT_REG" value="2"/></item>
<item name="LUT_OR_MEM" rev="12">
<attrib name="RAM" value="2"/></item>
</group>
<group name="LUT_OR_MEM5">
<item name="LUT_OR_MEM" rev="10">
<attrib name="LUT" value="1"/></item>
</group>
<group name="LUT_OR_MEM6">
<item name="CLK" rev="10">
<attrib name="CLK" value="4"/><attrib name="CLK_INV" value="0"/></item>
<item name="LUT_OR_MEM" rev="10">
<attrib name="LUT" value="6"/><attrib name="RAM" value="4"/></item>
<item name="RAMMODE" rev="10">
<attrib name="SRL16" value="4"/></item>
</group>
<group name="REG_INIT">
<item name="CK" rev="10">
<attrib name="CK" value="2303"/><attrib name="CK_INV" value="106"/></item>
<item name="FFINIT" rev="10">
<attrib name="INIT0" value="2404"/><attrib name="INIT1" value="5"/></item>
<item name="FFSR" rev="10">
<attrib name="SRLOW" value="2409"/></item>
<item name="LATCH_OR_FF" rev="10">
<attrib name="FF" value="2369"/><attrib name="LATCH" value="40"/></item>
<item name="SYNC_ATTR" rev="10">
<attrib name="ASYNC" value="2387"/><attrib name="SYNC" value="22"/></item>
</group>
<group name="SLICEL">
<item name="BX" rev="12">
<attrib name="BX_INV" value="1"/><attrib name="BX" value="717"/></item>
<item name="BY" rev="12">
<attrib name="BY" value="670"/><attrib name="BY_INV" value="1"/></item>
<item name="CE" rev="12">
<attrib name="CE" value="451"/><attrib name="CE_INV" value="0"/></item>
<item name="CIN" rev="12">
<attrib name="CIN_INV" value="0"/><attrib name="CIN" value="359"/></item>
<item name="CLK" rev="12">
<attrib name="CLK" value="966"/><attrib name="CLK_INV" value="119"/></item>
<item name="SR" rev="12">
<attrib name="SR" value="187"/><attrib name="SR_INV" value="18"/></item>
</group>
<group name="SLICEM">
<item name="BX" rev="12">
<attrib name="BX_INV" value="0"/><attrib name="BX" value="1"/></item>
<item name="BY" rev="12">
<attrib name="BY" value="2"/><attrib name="BY_INV" value="0"/></item>
<item name="CLK" rev="12">
<attrib name="CLK" value="2"/><attrib name="CLK_INV" value="0"/></item>
<item name="SR" rev="12">
<attrib name="SR" value="2"/><attrib name="SR_INV" value="0"/></item>
</group>
<group name="SLICEL_F6MUX">
<item name="S0" rev="12">
<attrib name="S0" value="66"/><attrib name="S0_INV" value="0"/></item>
</group>
<group name="BSCAN_BSCAN">
<item name="DISABLE_JTAG" rev="10">
<attrib name="FALSE" value="1"/></item>
<item name="JTAG_CHAIN" rev="10">
<attrib name="1" value="1"/></item>
</group>
<group name="IOB33_INBUF_EN">
<item name="IBUF_LOW_PWR" rev="10">
<attrib name="TRUE" value="1"/></item>
</group>
<group name="SLICEL_FFX">
<item name="CE" rev="12">
<attrib name="CE" value="445"/><attrib name="CE_INV" value="0"/></item>
<item name="CK" rev="12">
<attrib name="CK" value="568"/><attrib name="CK_INV" value="34"/></item>
<item name="D" rev="12">
<attrib name="D" value="601"/><attrib name="D_INV" value="1"/></item>
<item name="FFX_INIT_ATTR" rev="12">
<attrib name="INIT0" value="600"/><attrib name="INIT1" value="2"/></item>
<item name="FFX_SR_ATTR" rev="12">
<attrib name="SRLOW" value="602"/></item>
<item name="LATCH_OR_FF" rev="12">
<attrib name="FF" value="568"/><attrib name="LATCH" value="34"/></item>
<item name="REV" rev="12">
<attrib name="REV_INV" value="0"/><attrib name="REV" value="2"/></item>
<item name="SR" rev="12">
<attrib name="SR" value="20"/><attrib name="SR_INV" value="15"/></item>
<item name="SYNC_ATTR" rev="12">
<attrib name="ASYNC" value="590"/><attrib name="SYNC" value="12"/></item>
</group>
<group name="SLICEL_XORF">
<item name="1" rev="12">
<attrib name="1_INV" value="0"/><attrib name="1" value="172"/></item>
</group>
<group name="SLICEL_FFY">
<item name="CE" rev="12">
<attrib name="CE" value="450"/><attrib name="CE_INV" value="0"/></item>
<item name="CK" rev="12">
<attrib name="CK" value="957"/><attrib name="CK_INV" value="85"/></item>
<item name="D" rev="12">
<attrib name="D" value="1041"/><attrib name="D_INV" value="1"/></item>
<item name="FFY_INIT_ATTR" rev="12">
<attrib name="INIT0" value="1034"/><attrib name="INIT1" value="8"/></item>
<item name="FFY_SR_ATTR" rev="12">
<attrib name="SRLOW" value="1039"/><attrib name="SRHIGH" value="3"/></item>
<item name="LATCH_OR_FF" rev="12">
<attrib name="FF" value="1034"/><attrib name="LATCH" value="8"/></item>
<item name="REV" rev="12">
<attrib name="REV_INV" value="0"/><attrib name="REV" value="7"/></item>
<item name="SR" rev="12">
<attrib name="SR" value="183"/><attrib name="SR_INV" value="18"/></item>
<item name="SYNC_ATTR" rev="12">
<attrib name="ASYNC" value="1022"/><attrib name="SYNC" value="20"/></item>
</group>
<group name="BUFGMUX_GCLKMUX">
<item name="DISABLE_ATTR" rev="12">
<attrib name="LOW" value="2"/></item>
<item name="S" rev="12">
<attrib name="S_INV" value="2"/><attrib name="S" value="0"/></item>
</group>
<group name="SLICEL_F5MUX">
<item name="S0" rev="12">
<attrib name="S0" value="237"/><attrib name="S0_INV" value="0"/></item>
</group>
<group name="SLICEM_WSGEN">
<item name="CK" rev="12">
<attrib name="CK" value="2"/><attrib name="CK_INV" value="0"/></item>
<item name="SYNC_ATTR" rev="12">
<attrib name="ASYNC" value="2"/></item>
<item name="WE" rev="12">
<attrib name="WE_INV" value="0"/><attrib name="WE" value="2"/></item>
</group>
<group name="SLICEM_FFX">
<item name="CK" rev="12">
<attrib name="CK" value="1"/><attrib name="CK_INV" value="0"/></item>
<item name="D" rev="12">
<attrib name="D" value="1"/><attrib name="D_INV" value="0"/></item>
<item name="FFX_INIT_ATTR" rev="12">
<attrib name="INIT0" value="1"/></item>
<item name="FFX_SR_ATTR" rev="12">
<attrib name="SRLOW" value="1"/></item>
<item name="LATCH_OR_FF" rev="12">
<attrib name="FF" value="1"/></item>
<item name="SYNC_ATTR" rev="12">
<attrib name="ASYNC" value="1"/></item>
</group>
<group name="SLICEM_FFY">
<item name="CK" rev="12">
<attrib name="CK" value="2"/><attrib name="CK_INV" value="0"/></item>
<item name="D" rev="12">
<attrib name="D" value="2"/><attrib name="D_INV" value="0"/></item>
<item name="FFY_INIT_ATTR" rev="12">
<attrib name="INIT0" value="2"/></item>
<item name="FFY_SR_ATTR" rev="12">
<attrib name="SRLOW" value="2"/></item>
<item name="LATCH_OR_FF" rev="12">
<attrib name="FF" value="2"/></item>
<item name="SYNC_ATTR" rev="12">
<attrib name="ASYNC" value="2"/></item>
</group>
<group name="SELMUX2_1">
<item name="0" rev="10">
<attrib name="0" value="122"/><attrib name="0_INV" value="0"/></item>
</group>
<group name="BUFGMUX">
<item name="S" rev="12">
<attrib name="S_INV" value="2"/><attrib name="S" value="0"/></item>
</group>
<group name="FF_INIT">
<item name="CK" rev="10">
<attrib name="CK" value="266"/><attrib name="CK_INV" value="7"/></item>
<item name="FFINIT" rev="10">
<attrib name="INIT0" value="272"/><attrib name="INIT1" value="1"/></item>
<item name="FFSR" rev="10">
<attrib name="SRLOW" value="273"/></item>
<item name="SYNC_ATTR" rev="10">
<attrib name="ASYNC" value="269"/><attrib name="SYNC" value="4"/></item>
</group>
</ReportConfigData>
<ReportPinData TimeStamp="Thu Dec  5 11:20:57 2019"><group name="SLICEL_CYMUXF">
<item name="0" rev="12">
<attrib name="value" value="415"/></item>
<item name="1" rev="12">
<attrib name="value" value="415"/></item>
<item name="OUT" rev="12">
<attrib name="value" value="415"/></item>
<item name="S0" rev="12">
<attrib name="value" value="415"/></item>
</group>
<group name="SLICEL_CYMUXG">
<item name="0" rev="12">
<attrib name="value" value="391"/></item>
<item name="1" rev="12">
<attrib name="value" value="391"/></item>
<item name="OUT" rev="12">
<attrib name="value" value="391"/></item>
<item name="S0" rev="12">
<attrib name="value" value="391"/></item>
</group>
<group name="IBUF_PAD">
<item name="PAD" rev="12">
<attrib name="value" value="1"/></item>
</group>
<group name="IBUF_INBUF">
<item name="IN" rev="12">
<attrib name="value" value="1"/></item>
<item name="OUT" rev="12">
<attrib name="value" value="1"/></item>
</group>
<group name="SLICEM_F">
<item name="A1" rev="12">
<attrib name="value" value="1"/></item>
<item name="A2" rev="12">
<attrib name="value" value="1"/></item>
<item name="A3" rev="12">
<attrib name="value" value="1"/></item>
<item name="A4" rev="12">
<attrib name="value" value="1"/></item>
<item name="D" rev="12">
<attrib name="value" value="1"/></item>
<item name="DI" rev="12">
<attrib name="value" value="1"/></item>
<item name="WS" rev="12">
<attrib name="value" value="1"/></item>
</group>
<group name="SLICEM_G">
<item name="A1" rev="12">
<attrib name="value" value="2"/></item>
<item name="A2" rev="12">
<attrib name="value" value="2"/></item>
<item name="A3" rev="12">
<attrib name="value" value="2"/></item>
<item name="A4" rev="12">
<attrib name="value" value="2"/></item>
<item name="D" rev="12">
<attrib name="value" value="2"/></item>
<item name="DI" rev="12">
<attrib name="value" value="2"/></item>
<item name="WS" rev="12">
<attrib name="value" value="2"/></item>
</group>
<group name="LUT_OR_MEM5">
<item name="A2" rev="10">
<attrib name="value" value="1"/></item>
<item name="A3" rev="10">
<attrib name="value" value="1"/></item>
<item name="A4" rev="10">
<attrib name="value" value="1"/></item>
<item name="O5" rev="10">
<attrib name="value" value="1"/></item>
</group>
<group name="BUFGMUX_GCLK_BUFFER">
<item name="IN" rev="12">
<attrib name="value" value="2"/></item>
<item name="OUT" rev="12">
<attrib name="value" value="2"/></item>
</group>
<group name="REG_INIT">
<item name="CE" rev="10">
<attrib name="value" value="790"/></item>
<item name="CK" rev="10">
<attrib name="value" value="2409"/></item>
<item name="D" rev="10">
<attrib name="value" value="2409"/></item>
<item name="Q" rev="10">
<attrib name="value" value="2409"/></item>
<item name="SR" rev="10">
<attrib name="value" value="191"/></item>
</group>
<group name="LUT_OR_MEM6">
<item name="A1" rev="10">
<attrib name="value" value="5"/></item>
<item name="A2" rev="10">
<attrib name="value" value="9"/></item>
<item name="A3" rev="10">
<attrib name="value" value="10"/></item>
<item name="A4" rev="10">
<attrib name="value" value="10"/></item>
<item name="A5" rev="10">
<attrib name="value" value="10"/></item>
<item name="A6" rev="10">
<attrib name="value" value="10"/></item>
<item name="CLK" rev="10">
<attrib name="value" value="4"/></item>
<item name="DI2" rev="10">
<attrib name="value" value="4"/></item>
<item name="O6" rev="10">
<attrib name="value" value="10"/></item>
<item name="WE" rev="10">
<attrib name="value" value="4"/></item>
</group>
<group name="SLICEL">
<item name="BX" rev="12">
<attrib name="value" value="718"/></item>
<item name="BY" rev="12">
<attrib name="value" value="671"/></item>
<item name="CE" rev="12">
<attrib name="value" value="451"/></item>
<item name="CIN" rev="12">
<attrib name="value" value="359"/></item>
<item name="CLK" rev="12">
<attrib name="value" value="1085"/></item>
<item name="COUT" rev="12">
<attrib name="value" value="391"/></item>
<item name="F1" rev="12">
<attrib name="value" value="1125"/></item>
<item name="F2" rev="12">
<attrib name="value" value="1016"/></item>
<item name="F3" rev="12">
<attrib name="value" value="783"/></item>
<item name="F4" rev="12">
<attrib name="value" value="597"/></item>
<item name="F5" rev="12">
<attrib name="value" value="132"/></item>
<item name="FXINA" rev="12">
<attrib name="value" value="66"/></item>
<item name="FXINB" rev="12">
<attrib name="value" value="66"/></item>
<item name="G1" rev="12">
<attrib name="value" value="1389"/></item>
<item name="G2" rev="12">
<attrib name="value" value="1282"/></item>
<item name="G3" rev="12">
<attrib name="value" value="980"/></item>
<item name="G4" rev="12">
<attrib name="value" value="577"/></item>
<item name="SR" rev="12">
<attrib name="value" value="205"/></item>
<item name="X" rev="12">
<attrib name="value" value="720"/></item>
<item name="XB" rev="12">
<attrib name="value" value="1"/></item>
<item name="XQ" rev="12">
<attrib name="value" value="602"/></item>
<item name="Y" rev="12">
<attrib name="value" value="617"/></item>
<item name="YQ" rev="12">
<attrib name="value" value="1042"/></item>
</group>
<group name="SLICEM">
<item name="BX" rev="12">
<attrib name="value" value="1"/></item>
<item name="BY" rev="12">
<attrib name="value" value="2"/></item>
<item name="CLK" rev="12">
<attrib name="value" value="2"/></item>
<item name="F1" rev="12">
<attrib name="value" value="1"/></item>
<item name="F2" rev="12">
<attrib name="value" value="1"/></item>
<item name="F3" rev="12">
<attrib name="value" value="1"/></item>
<item name="F4" rev="12">
<attrib name="value" value="1"/></item>
<item name="G1" rev="12">
<attrib name="value" value="2"/></item>
<item name="G2" rev="12">
<attrib name="value" value="2"/></item>
<item name="G3" rev="12">
<attrib name="value" value="2"/></item>
<item name="G4" rev="12">
<attrib name="value" value="2"/></item>
<item name="SR" rev="12">
<attrib name="value" value="2"/></item>
<item name="XQ" rev="12">
<attrib name="value" value="1"/></item>
<item name="YQ" rev="12">
<attrib name="value" value="2"/></item>
</group>
<group name="SLICEL_F6MUX">
<item name="0" rev="12">
<attrib name="value" value="66"/></item>
<item name="1" rev="12">
<attrib name="value" value="66"/></item>
<item name="OUT" rev="12">
<attrib name="value" value="66"/></item>
<item name="S0" rev="12">
<attrib name="value" value="66"/></item>
</group>
<group name="BSCAN">
<item name="DRCK1" rev="12">
<attrib name="value" value="1"/></item>
<item name="SEL1" rev="12">
<attrib name="value" value="1"/></item>
<item name="SHIFT" rev="12">
<attrib name="value" value="1"/></item>
<item name="TDI" rev="12">
<attrib name="value" value="1"/></item>
<item name="TDO1" rev="12">
<attrib name="value" value="1"/></item>
<item name="TDO2" rev="12">
<attrib name="value" value="1"/></item>
<item name="UPDATE" rev="12">
<attrib name="value" value="1"/></item>
</group>
<group name="BUFG_BUFG">
<item name="I0" rev="10">
<attrib name="value" value="2"/></item>
<item name="O" rev="10">
<attrib name="value" value="2"/></item>
</group>
<group name="IBUF">
<item name="I" rev="12">
<attrib name="value" value="1"/></item>
<item name="PAD" rev="12">
<attrib name="value" value="1"/></item>
</group>
<group name="PAD">
<item name="PAD" rev="10">
<attrib name="value" value="1"/></item>
</group>
<group name="BSCAN_BSCAN">
<item name="DRCK" rev="10">
<attrib name="value" value="1"/></item>
<item name="SEL" rev="10">
<attrib name="value" value="1"/></item>
<item name="SHIFT" rev="10">
<attrib name="value" value="1"/></item>
<item name="TDI" rev="10">
<attrib name="value" value="1"/></item>
<item name="TDO" rev="10">
<attrib name="value" value="1"/></item>
<item name="UPDATE" rev="10">
<attrib name="value" value="1"/></item>
</group>
<group name="IOB33_INBUF_EN">
<item name="OUT" rev="10">
<attrib name="value" value="1"/></item>
<item name="PAD" rev="10">
<attrib name="value" value="1"/></item>
</group>
<group name="SLICEL_C2VDD">
<item name="1" rev="12">
<attrib name="value" value="75"/></item>
</group>
<group name="SLICEL_XORF">
<item name="0" rev="12">
<attrib name="value" value="172"/></item>
<item name="1" rev="12">
<attrib name="value" value="172"/></item>
<item name="O" rev="12">
<attrib name="value" value="172"/></item>
</group>
<group name="SLICEL_FFX">
<item name="CE" rev="12">
<attrib name="value" value="445"/></item>
<item name="CK" rev="12">
<attrib name="value" value="602"/></item>
<item name="D" rev="12">
<attrib name="value" value="602"/></item>
<item name="Q" rev="12">
<attrib name="value" value="602"/></item>
<item name="REV" rev="12">
<attrib name="value" value="2"/></item>
<item name="SR" rev="12">
<attrib name="value" value="35"/></item>
</group>
<group name="SLICEL_FFY">
<item name="CE" rev="12">
<attrib name="value" value="450"/></item>
<item name="CK" rev="12">
<attrib name="value" value="1042"/></item>
<item name="D" rev="12">
<attrib name="value" value="1042"/></item>
<item name="Q" rev="12">
<attrib name="value" value="1042"/></item>
<item name="REV" rev="12">
<attrib name="value" value="7"/></item>
<item name="SR" rev="12">
<attrib name="value" value="201"/></item>
</group>
<group name="SLICEL_XORG">
<item name="0" rev="12">
<attrib name="value" value="169"/></item>
<item name="1" rev="12">
<attrib name="value" value="169"/></item>
<item name="O" rev="12">
<attrib name="value" value="169"/></item>
</group>
<group name="BUFGMUX_GCLKMUX">
<item name="I0" rev="12">
<attrib name="value" value="2"/></item>
<item name="OUT" rev="12">
<attrib name="value" value="2"/></item>
<item name="S" rev="12">
<attrib name="value" value="2"/></item>
</group>
<group name="SLICEL_F5MUX">
<item name="F" rev="12">
<attrib name="value" value="141"/></item>
<item name="G" rev="12">
<attrib name="value" value="237"/></item>
<item name="OUT" rev="12">
<attrib name="value" value="237"/></item>
<item name="S0" rev="12">
<attrib name="value" value="237"/></item>
</group>
<group name="BSCAN_BSCAN_BLACKBOX">
<item name="DRCK1" rev="12">
<attrib name="value" value="1"/></item>
<item name="SEL1" rev="12">
<attrib name="value" value="1"/></item>
<item name="SHIFT" rev="12">
<attrib name="value" value="1"/></item>
<item name="TDI" rev="12">
<attrib name="value" value="1"/></item>
<item name="TDO1" rev="12">
<attrib name="value" value="1"/></item>
<item name="TDO2" rev="12">
<attrib name="value" value="1"/></item>
<item name="UPDATE" rev="12">
<attrib name="value" value="1"/></item>
</group>
<group name="SLICEL_GAND">
<item name="0" rev="12">
<attrib name="value" value="14"/></item>
<item name="1" rev="12">
<attrib name="value" value="14"/></item>
<item name="O" rev="12">
<attrib name="value" value="14"/></item>
</group>
<group name="CARRY4">
<item name="CIN" rev="10">
<attrib name="value" value="104"/></item>
<item name="CO0" rev="10">
<attrib name="value" value="14"/></item>
<item name="CO2" rev="10">
<attrib name="value" value="20"/></item>
<item name="CO3" rev="10">
<attrib name="value" value="106"/></item>
<item name="CYINIT" rev="10">
<attrib name="value" value="44"/></item>
<item name="DI0" rev="10">
<attrib name="value" value="148"/></item>
<item name="DI1" rev="10">
<attrib name="value" value="129"/></item>
<item name="DI2" rev="10">
<attrib name="value" value="129"/></item>
<item name="DI3" rev="10">
<attrib name="value" value="106"/></item>
<item name="O0" rev="10">
<attrib name="value" value="52"/></item>
<item name="O1" rev="10">
<attrib name="value" value="52"/></item>
<item name="O2" rev="10">
<attrib name="value" value="47"/></item>
<item name="O3" rev="10">
<attrib name="value" value="47"/></item>
<item name="S0" rev="10">
<attrib name="value" value="148"/></item>
<item name="S1" rev="10">
<attrib name="value" value="134"/></item>
<item name="S2" rev="10">
<attrib name="value" value="129"/></item>
<item name="S3" rev="10">
<attrib name="value" value="109"/></item>
</group>
<group name="LUT5">
<item name="A1" rev="10">
<attrib name="value" value="220"/></item>
<item name="A2" rev="10">
<attrib name="value" value="318"/></item>
<item name="A3" rev="10">
<attrib name="value" value="309"/></item>
<item name="A4" rev="10">
<attrib name="value" value="247"/></item>
<item name="A5" rev="10">
<attrib name="value" value="425"/></item>
<item name="O5" rev="10">
<attrib name="value" value="655"/></item>
</group>
<group name="LUT6">
<item name="A1" rev="10">
<attrib name="value" value="1608"/></item>
<item name="A2" rev="10">
<attrib name="value" value="2065"/></item>
<item name="A3" rev="10">
<attrib name="value" value="3203"/></item>
<item name="A4" rev="10">
<attrib name="value" value="3367"/></item>
<item name="A5" rev="10">
<attrib name="value" value="3493"/></item>
<item name="A6" rev="10">
<attrib name="value" value="3515"/></item>
<item name="O6" rev="10">
<attrib name="value" value="3553"/></item>
</group>
<group name="IOB33">
<item name="I" rev="10">
<attrib name="value" value="1"/></item>
<item name="PAD" rev="10">
<attrib name="value" value="1"/></item>
</group>
<group name="SLICEM_WSGEN">
<item name="CK" rev="12">
<attrib name="value" value="2"/></item>
<item name="WE" rev="12">
<attrib name="value" value="2"/></item>
<item name="WSF" rev="12">
<attrib name="value" value="1"/></item>
<item name="WSG" rev="12">
<attrib name="value" value="2"/></item>
</group>
<group name="SLICEM_FFX">
<item name="CK" rev="12">
<attrib name="value" value="1"/></item>
<item name="D" rev="12">
<attrib name="value" value="1"/></item>
<item name="Q" rev="12">
<attrib name="value" value="1"/></item>
</group>
<group name="SLICEM_FFY">
<item name="CK" rev="12">
<attrib name="value" value="2"/></item>
<item name="D" rev="12">
<attrib name="value" value="2"/></item>
<item name="Q" rev="12">
<attrib name="value" value="2"/></item>
</group>
<group name="SELMUX2_1">
<item name="0" rev="10">
<attrib name="value" value="122"/></item>
<item name="1" rev="10">
<attrib name="value" value="122"/></item>
<item name="OUT" rev="10">
<attrib name="value" value="122"/></item>
<item name="S0" rev="10">
<attrib name="value" value="122"/></item>
</group>
<group name="SLICEL_C1VDD">
<item name="1" rev="12">
<attrib name="value" value="96"/></item>
</group>
<group name="BUFGMUX">
<item name="I0" rev="12">
<attrib name="value" value="2"/></item>
<item name="O" rev="12">
<attrib name="value" value="2"/></item>
<item name="S" rev="12">
<attrib name="value" value="2"/></item>
</group>
<group name="FF_INIT">
<item name="CE" rev="10">
<attrib name="value" value="65"/></item>
<item name="CK" rev="10">
<attrib name="value" value="273"/></item>
<item name="D" rev="10">
<attrib name="value" value="273"/></item>
<item name="Q" rev="10">
<attrib name="value" value="273"/></item>
<item name="SR" rev="10">
<attrib name="value" value="22"/></item>
</group>
<group name="HARD0">
<item name="0" rev="10">
<attrib name="value" value="5"/></item>
</group>
<group name="HARD1">
<item name="1" rev="10">
<attrib name="value" value="39"/></item>
</group>
<group name="SLICEL_FAND">
<item name="0" rev="12">
<attrib name="value" value="13"/></item>
<item name="1" rev="12">
<attrib name="value" value="13"/></item>
<item name="O" rev="12">
<attrib name="value" value="13"/></item>
</group>
<group name="BUFG">
<item name="I0" rev="10">
<attrib name="value" value="2"/></item>
<item name="O" rev="10">
<attrib name="value" value="2"/></item>
</group>
<group name="SLICEL_F">
<item name="A1" rev="12">
<attrib name="value" value="1125"/></item>
<item name="A2" rev="12">
<attrib name="value" value="1016"/></item>
<item name="A3" rev="12">
<attrib name="value" value="783"/></item>
<item name="A4" rev="12">
<attrib name="value" value="597"/></item>
<item name="D" rev="12">
<attrib name="value" value="1164"/></item>
</group>
<group name="SLICEL_G">
<item name="A1" rev="12">
<attrib name="value" value="1389"/></item>
<item name="A2" rev="12">
<attrib name="value" value="1282"/></item>
<item name="A3" rev="12">
<attrib name="value" value="980"/></item>
<item name="A4" rev="12">
<attrib name="value" value="577"/></item>
<item name="D" rev="12">
<attrib name="value" value="1453"/></item>
</group>
<group name="SLICEL_GNDF">
<item name="0" rev="12">
<attrib name="value" value="179"/></item>
</group>
<group name="SLICEL_GNDG">
<item name="0" rev="12">
<attrib name="value" value="173"/></item>
</group>
</ReportPinData>
<CmdHistory>
</CmdHistory>
</DeviceUsageSummary>
