<?xml version="1.0" encoding="UTF-8" ?>
<document>
<!--The data in this file is primarily intended for consumption by Xilinx tools.
The structure and the elements are likely to change over the next few releases.
This means code written to parse this file will need to be revisited each subsequent release.-->
<application name="pn" timeStamp="Sun Oct 13 21:37:54 2019">
<section name="Project Information" visible="false">
<property name="ProjectID" value="1A45DE83B1F1E8DFDF10F98D99274981" type="project"/>
<property name="ProjectIteration" value="0" type="project"/>
<property name="ProjectFile" value="/home/sundar/Desktop/comporg/a3/SingleCyceCPU/SingleCyceCPU.xise" type="project"/>
<property name="ProjectCreationTimestamp" value="2019-10-13T06:58:07" type="project"/>
</section>
<section name="Project Statistics" visible="true">
<property name="PROP_Enable_Message_Filtering" value="false" type="design"/>
<property name="PROP_FitterReportFormat" value="HTML" type="process"/>
<property name="PROP_LastAppliedGoal" value="Balanced" type="design"/>
<property name="PROP_LastAppliedStrategy" value="Xilinx Default (unlocked)" type="design"/>
<property name="PROP_ManualCompileOrderImp" value="false" type="design"/>
<property name="PROP_ProjectDescription" value="Implementation of a Single Cycle CPU prior to pipelining stage." type="process"/>
<property name="PROP_PropSpecInProjFile" value="Store all values" type="design"/>
<property name="PROP_Simulator" value="ISim (VHDL/Verilog)" type="design"/>
<property name="PROP_SynthTopFile" value="changed" type="process"/>
<property name="PROP_Top_Level_Module_Type" value="HDL" type="design"/>
<property name="PROP_UseSmartGuide" value="false" type="design"/>
<property name="PROP_UserConstraintEditorPreference" value="Text Editor" type="process"/>
<property name="PROP_intProjectCreationTimestamp" value="2019-10-13T06:58:07" type="design"/>
<property name="PROP_intWbtProjectID" value="1A45DE83B1F1E8DFDF10F98D99274981" type="design"/>
<property name="PROP_intWorkingDirLocWRTProjDir" value="Same" type="design"/>
<property name="PROP_intWorkingDirUsed" value="No" type="design"/>
<property name="PROP_AutoTop" value="false" type="design"/>
<property name="PROP_DevFamily" value="Automotive Artix7" type="design"/>
<property name="PROP_DevDevice" value="xa7a100t" type="design"/>
<property name="PROP_DevFamilyPMName" value="aartix7" type="design"/>
<property name="PROP_DevPackage" value="csg324" type="design"/>
<property name="PROP_Synthesis_Tool" value="XST (VHDL/Verilog)" type="design"/>
<property name="PROP_DevSpeed" value="-2I" type="design"/>
<property name="PROP_PreferredLanguage" value="Verilog" type="design"/>
<property name="FILE_MEM" value="5" type="source"/>
<property name="FILE_VERILOG" value="7" type="source"/>
</section>
</application>
</document>
